Ссылка,Заголовок,Дата
https://media.kpfu.ru/news?kn%5B0%5D=Международное%20сотрудничество&created=/news/nauchnoe-vzaimodeystvie-kfu-s-universitetami-kitaya-ukreplyaetsya,Научное взаимодействие КФУ с университетами Китая укрепляется,15.09.2026
https://media.kpfu.ru/news?kn%5B0%5D=Международное%20сотрудничество&created=/news/vizit-delegacii-chili,Казанский федеральный развивает сотрудничество с ведущим вузом Чили,10.09.2026
https://media.kpfu.ru/news?kn%5B0%5D=Международное%20сотрудничество&created=/news/nobelevskiy-laureat-na-pronauke-v-kfu-rasskazal-kak-vyzhit-v-epokhu-iskusstvennogo-intellekta,"Нобелевский лауреат на «PROнауке в КФУ» рассказал, как выжить в эпоху искусственного интеллекта и климатического кризиса",31.08.2026
https://media.kpfu.ru/news?kn%5B0%5D=Международное%20сотрудничество&created=/news/otkrytie-kgms-2026,Состоялась торжественная церемония открытия V Глобального молодежного саммита,28.08.2026
https://media.kpfu.ru/news?kn%5B0%5D=Международное%20сотрудничество&created=/news/forum-rektorov-isesko,В Казанском университете прошел форум ректоров ИСЕСКО,28.08.2026
https://media.kpfu.ru/news?kn%5B0%5D=Международное%20сотрудничество&created=/news/vizit-delegacii-shandunskogo-universiteta,Совместные образовательные программы с Шаньдунским университетом обсудили в КФУ,28.08.2026
https://media.kpfu.ru/news?kn%5B0%5D=Международное%20сотрудничество&created=/news/kgms-2026,«INNOverse50+»: в КФУ стартовала международная программа для работы над актуальными вызовами,27.08.2026
https://media.kpfu.ru/news?kn%5B0%5D=Международное%20сотрудничество&created=/news/v-kazani-proydut-besplatnye-diskussii-s-laureatom-nobelevskoy-premii-kapitanom-komandy-chto,В рамках V Казанского глобального молодежного саммита состоятся 5 открытых дискуссий,25.08.2026
https://media.kpfu.ru/news?kn%5B0%5D=Международное%20сотрудничество&created=/news/vpervye-laureat-nobelevskoy-premii-mira-vystupit-na-xx-pronauke-v-kfu,Впервые лауреат Нобелевской премии мира выступит на XX «PROнауке в КФУ»,21.08.2026
https://media.kpfu.ru/news?kn%5B0%5D=Международное%20сотрудничество&created=/news/telekanal-univer-tv-kazanskogo-universiteta-prodolzhil-rabotu-press-korner-na-polyakh-foruma,Телеканал UNIVER TV Казанского университета продолжил работу пресс-корнера на полях форума «РОСТКИ»,18.08.2026
https://media.kpfu.ru/news?kn%5B0%5D=Международное%20сотрудничество&created=/news/predstaviteli-kitayskikh-smi-posetili-kazanskiy-federalnyy,Представители китайских СМИ посетили Казанский федеральный,18.08.2026
https://media.kpfu.ru/news?kn%5B0%5D=Международное%20сотрудничество&created=/news/telekanal-univer-tv-kazanskogo-universiteta-razvernul-press-korner-na-polyakh-foruma-rostki,Телеканал UNIVER TV Казанского университета развернул пресс-корнер на полях форума «РОСТКИ»,17.08.2026
https://media.kpfu.ru/news?kn%5B0%5D=Международное%20сотрудничество&created=/news/kfu-prinimaet-uchastie-v-iv-mezhdunarodnom-forume-rostki,Образовательное и научное сотрудничество России и КНР обсудили на полях форума «РОСТКИ»,17.08.2026
https://media.kpfu.ru/news?kn%5B0%5D=Международное%20сотрудничество&created=/news/pri-uchastii-kfu-proshlo-zasedanie-mezhpravitelstvennoy-komissii-rossiya-malayziya-vo,При участии КФУ прошло заседание Межправительственной комиссии Россия – Малайзия во Владивостоке,14.08.2026
https://media.kpfu.ru/news?kn%5B0%5D=Международное%20сотрудничество&created=/news/kazanskiy-federalnyy-primet-uchastie-v-iv-mezhdunarodnom-forume-rostki,Казанский федеральный примет участие в IV Международном форуме «РОСТКИ»,12.08.2026
https://media.kpfu.ru/news?kn%5B0%5D=Международное%20сотрудничество&created=/news/kazanskiy-federalnyy-prinyal-delegaciyu-omana,Казанский федеральный принял делегацию Омана,03.08.2026
https://media.kpfu.ru/news?kn%5B0%5D=Международное%20сотрудничество&created=/news/vizit-delegacii-bukharskogo-universiteta,КФУ принимает делегации вузов Бухары,30.07.2026
https://media.kpfu.ru/news?kn%5B0%5D=Международное%20сотрудничество&created=/news/v-kazanskom-federalnom-sostoyalos-torzhestvennoe-zakrytie-letnego-universiteta,В Казанском федеральном состоялось торжественное закрытие «Летнего университета»,17.07.2026
https://media.kpfu.ru/news?kn%5B0%5D=Международное%20сотрудничество&created=/news/uchastniki-letnego-universiteta-iz-serbii-i-respubliki-serbskoy-vyshli-v-pryamoy-efir,Участники «Летнего университета» в КФУ из Сербии и Республики Сербской вышли в прямой эфир на РТРС,17.07.2026
https://media.kpfu.ru/news?kn%5B0%5D=Международное%20сотрудничество&created=/news/otkryvaya-rossiyu-lekciya,Участникам «Летнего университета» в КФУ рассказали о путешествиях по России,17.07.2026
https://media.kpfu.ru/news?kn%5B0%5D=Международное%20сотрудничество&created=/news/letniy-universitet-v-kazanskom-federalnom-podkhodit-k-koncu,«Летний университет» в Казанском федеральном подходит к концу,16.07.2026
https://media.kpfu.ru/news?kn%5B0%5D=Международное%20сотрудничество&created=/news/v-kazanskom-universitete-proshel-sabantuy,В Казанском университете прошел «Сабантуй»,15.07.2026
https://media.kpfu.ru/news?kn%5B0%5D=Международное%20сотрудничество&created=/news/uchastniki-letnego-universiteta-v-kfu-poznakomilis-s-molodezhnoy-politikoy-vuza,Участники «Летнего университета» в КФУ ознакомились с молодежной политикой вуза,15.07.2026
https://media.kpfu.ru/news?kn%5B0%5D=Международное%20сотрудничество&created=/news/kfu-stanet-koordinatorom-rossiysko-afrikanskogo-setevogo-universiteta-v-2027-2029-godakh,КФУ станет координатором Российско-Африканского сетевого университета в 2027–2029 годах,15.07.2026
https://media.kpfu.ru/news?kn%5B0%5D=Международное%20сотрудничество&created=/news/obrazovatelnye-meropriyatiya-v-letnem-universitete-prodolzhayutsya-0,От космоса до дизайна: участники «Летнего университета» в КФУ посещают образовательные мероприятия,14.07.2026
https://media.kpfu.ru/news?kn%5B0%5D=Международное%20сотрудничество&created=/news/letniy-universitet-teatr-kamala,Экватор «Летнего университета»: участники делятся впечатлениями,13.07.2026
https://media.kpfu.ru/news?kn%5B0%5D=Международное%20сотрудничество&created=/news/vizit-delegacii-sychuanskogo-administrativnogo-instituta,Делегация Сычуаньского административного института посетила Казанский федеральный,08.07.2026
https://media.kpfu.ru/news?kn%5B0%5D=Международное%20сотрудничество&created=/news/letniy-universitet-nabiraet-oboroty,«Летний университет» набирает обороты,07.07.2026
https://media.kpfu.ru/news?kn%5B0%5D=Международное%20сотрудничество&created=/news/sestra-prezidenta-filippin-posetila-kfu,Сестра Президента Филиппин посетила КФУ,19.06.2026
https://media.kpfu.ru/news?kn%5B0%5D=Международное%20сотрудничество&created=/news/vstrecha-ministra-nauki-i-tekhnologiy-socialisticheskoy-respubliki-vetnama-vu-khay-kuana-s,В КФУ Константин Могилевский встретился с министром науки и технологий Вьетнама,17.06.2026
https://media.kpfu.ru/news?kn%5B0%5D=Международное%20сотрудничество&created=/news/delegaciya-korolevstva-tailand,Казанский университет принял делегацию Королевства Таиланд,17.06.2026
https://media.kpfu.ru/news?kn%5B0%5D=Международное%20сотрудничество&created=/news/kfu-i-khunanskiy-pedagogicheskiy-universitet-otkroyut-sovmestnuyu-magistraturu-po-podgotovke,КФУ и Хунаньский педагогический университет откроют совместную магистратуру по подготовке преподавателей китайского языка,16.06.2026
https://media.kpfu.ru/news?kn%5B0%5D=Международное%20сотрудничество&created=/news/vizit-delegacii-kitaya,КФУ посетила делегация Университета электронных наук и технологий Китая,16.06.2026
https://media.kpfu.ru/news?kn%5B0%5D=Международное%20сотрудничество&created=/news/kazanskiy-federalnyy-vnov-primet-molodezhnyy-nauchnyy-kongress-stran-ois,Казанский федеральный вновь примет Молодежный научный конгресс стран ОИС,09.06.2026
https://media.kpfu.ru/news?kn%5B0%5D=Международное%20сотрудничество&created=/news/vizit-v-kfu-delegacii-karagandinskogo-universiteta,КФУ посетил представитель Карагандинского университета Казпотребсоюза,08.06.2026
https://media.kpfu.ru/news?kn%5B0%5D=Международное%20сотрудничество&created=/news/kazanskiy-federalnyy-razvivaet-sotrudnichestvo-s-vuzami-respubliki-belarus,Казанский федеральный развивает сотрудничество с вузами Республики Беларусь,29.05.2026
https://media.kpfu.ru/news?kn%5B0%5D=Международное%20сотрудничество&created=/news/vii-sezd-associacii-aziatskikh-universitetov-prokhodit-v-kfu,VII Съезд Ассоциации азиатских университетов проходит в КФУ,26.05.2026
https://media.kpfu.ru/news?kn%5B0%5D=Международное%20сотрудничество&created=/news/kfu-rasshiryaet-sotrudnichestvo-s-kompaniyami-i-universitetami-omana,КФУ расширяет сотрудничество с компаниями и университетами Омана,26.05.2026
https://media.kpfu.ru/news?kn%5B0%5D=Международное%20сотрудничество&created=/news/filial-kfu-v-dzhizake-otprazdnoval-sabantuy-2026,Филиал КФУ в Джизаке отпраздновал «Сабантуй – 2026»,25.05.2026
https://media.kpfu.ru/news?kn%5B0%5D=Международное%20сотрудничество&created=/news/pri-uchastii-kfu-proshel-iii-forum-rektorov-rossiyskikh-i-vetnamskikh-universitetov,При участии КФУ прошел III Форум ректоров российских и вьетнамских университетов,25.05.2026
https://media.kpfu.ru/news?kn%5B0%5D=Международное%20сотрудничество&created=/news/v-ramkakh-proekta-setevogo-universiteta-studenty-kfu-predstavyat-biotekhnologicheskie,Студенты КФУ представят биотехнологические разработки на международном экологическом форуме в Беларуси,21.05.2026
https://media.kpfu.ru/news?kn%5B0%5D=Международное%20сотрудничество&created=/news/kazanskiy-federalnyy-prinyal-delegaciyu-universiteta-elektronnykh-nauk-i-tekhnologiy-kitaya,Казанский федеральный принял делегацию Университета электронных наук и технологий Китая,20.05.2026
https://media.kpfu.ru/news?kn%5B0%5D=Международное%20сотрудничество&created=/news/kfu-i-posolstvo-zambii-obsudili-perspektivy-rasshireniya-mezhdunarodnogo-sotrudnichestva,КФУ и Посольство Замбии обсудили перспективы расширения международного сотрудничества,20.05.2026
https://media.kpfu.ru/news?kn%5B0%5D=Международное%20сотрудничество&created=/news/v-ramkakh-kazanforuma-kfu-posetili-gosti-iz-italii-i-iraka,В рамках «КазаньФорума» КФУ посетили гости из Италии и Ирака,15.05.2026
https://media.kpfu.ru/news?kn%5B0%5D=Международное%20сотрудничество&created=/news/den-indoneziyskoy-kultury-otmetili-v-kfu,День индонезийской культуры прошел в КФУ,15.05.2026
https://media.kpfu.ru/news?kn%5B0%5D=Международное%20сотрудничество&created=/news/vizit-assamblei-narodov-mira,КФУ принял делегацию Ассамблеи народов мира,15.05.2026
https://media.kpfu.ru/news?kn%5B0%5D=Международное%20сотрудничество&created=/news/socialno-znachimye-proekty-kfu-prezentovany-na-forume-rossiya-islamskiy-mir,Социально значимые проекты КФУ презентованы на форуме «Россия – Исламский мир»,15.05.2026
https://media.kpfu.ru/news?kn%5B0%5D=Международное%20сотрудничество&created=/news/zemlya-v-cifre-geoinformacionnye-sistemy-i-platformennye-resheniya-v-upravlenii-territoriyami,«Земля в цифре»: геоинформационные системы и платформенные решения в управлении территориями обсудили на «КазаньФоруме»,14.05.2026
https://media.kpfu.ru/news?kn%5B0%5D=Международное%20сотрудничество&created=/news/v-kfu-sostoyalsya-vizit-delegacii-postoyannogo-komiteta-po-nauchno-tekhnicheskomu,В КФУ состоялся визит делегации Постоянного комитета по научно-техническому сотрудничеству ОИС-КОМСТЕХ,14.05.2026
https://media.kpfu.ru/news?kn%5B0%5D=Международное%20сотрудничество&created=/news/vstrecha-inostrannykh-studentov,В Казанском университете прошла встреча иностранных студентов с представителем Россотрудничества,14.05.2026
https://media.kpfu.ru/news?kn%5B0%5D=Международное%20сотрудничество&created=/news/sessiya-sotrudnichestvo-rossiii-i-stranami-islamskogo-mira,На «КазаньФоруме» Минобрнауки России совместно с КФУ была организована сессия,14.05.2026
https://media.kpfu.ru/news?kn%5B0%5D=Международное%20сотрудничество&created=/news/novye-formaty-akademicheskogo-vzaimodeystviya,На полях «КазаньФорума» КФУ провел панельную сессию о новых форматах академического взаимодействия со странами ОИС,13.05.2026
https://media.kpfu.ru/news?kn%5B0%5D=Международное%20сотрудничество&created=/news/rossiyskaya-pakistnaskaya-konferenciya,КФУ начал работу на XVII «КазаньФоруме»,13.05.2026
https://media.kpfu.ru/news?kn%5B0%5D=Международное%20сотрудничество&created=/news/universitet-dal-prochnuyu-bazu-vypusknik-kfu-sdal-kvalifikacionnyy-ekzamen-v-bangladesh,«Университет дал прочную базу»: выпускник КФУ сдал квалификационный экзамен в Бангладеш,07.05.2026
https://media.kpfu.ru/news?kn%5B0%5D=Международное%20сотрудничество&created=/news/kfu-uchastvuet-v-zasedanii-rossiysko-malayziyskoy-rabochey-gruppy,КФУ участвует в заседании Российско-Малайзийской рабочей группы,28.04.2026
https://media.kpfu.ru/news?kn%5B0%5D=Международное%20сотрудничество&created=/news/kfu-i-fosagro-na-polyakh-innoproma-v-uzbekistane-zaklyuchili-soglashenie,КФУ и «ФосАгро» на полях «Иннопрома» в Узбекистане заключили соглашение,21.04.2026
https://media.kpfu.ru/news?kn%5B0%5D=Международное%20сотрудничество&created=/news/v-kfu-sostoyalsya-vizit-delegacii-generalnogo-konsulstva-sr-vetnam,В КФУ состоялся визит делегации Генерального консульства Вьетнама,20.04.2026
https://media.kpfu.ru/news?kn%5B0%5D=Международное%20сотрудничество&created=/news/kazanskiy-universitet-posetili-glavy-diplomaticheskikh-missiy-11-stran,Казанский университет посетили главы дипломатических миссий 11 стран,17.04.2026
https://media.kpfu.ru/news?kn%5B0%5D=Международное%20сотрудничество&created=/news/kfu-prinyal-delegaciyu-nazarbaev-universitet,КФУ принял делегацию «Назарбаев Университет»,14.04.2026
https://media.kpfu.ru/news?kn%5B0%5D=Международное%20сотрудничество&created=/news/kazanskiy-universitet-vpervye-prinimaet-uchastie-v-mezhdunarodnoy-vystavke-star-education-fair,КФУ впервые принял участие в международной выставке The Star Education Fair в Куала-Лумпур,14.04.2026
https://media.kpfu.ru/news?kn%5B0%5D=Международное%20сотрудничество&created=/news/podpisan-memorandum-mezhdu-kfu-i-universitetom-cindao,Подписан меморандум между КФУ и Университетом Циндао,06.04.2026
https://media.kpfu.ru/news?kn%5B0%5D=Международное%20сотрудничество&created=/news/kazanskiy-universitet-nachinaet-realizaciyu-novogo-proekta-s-kitaem,Казанский университет начинает реализацию нового проекта с Китаем,02.04.2026
https://media.kpfu.ru/news?kn%5B0%5D=Международное%20сотрудничество&created=/news/molodye-uchenye-iz-uzbekistana-prokhodyat-nauchnye-stazhirovki-v-kazanskom-federalnom,Молодые ученые из Узбекистана проходят научные стажировки в Казанском федеральном,28.03.2026
https://media.kpfu.ru/news?kn%5B0%5D=Международное%20сотрудничество&created=/news/delegaciya-kfu-prinimaet-uchastie-v-obrazovatelnoy-vystavke-vuzy-rossii-luchshiy-vybor-vo,Делегация КФУ принимает участие в образовательной выставке «Вузы России – лучший выбор» во Вьетнаме,24.03.2026
https://media.kpfu.ru/news?kn%5B0%5D=Международное%20сотрудничество&created=/news/v-kazanskom-universitete-vstretili-vesnu,Науруз-2026: в Казанский университет пришла весна,17.03.2026
https://media.kpfu.ru/news?kn%5B0%5D=Международное%20сотрудничество&created=/news/segodnya-v-kfu-proshel-vizit-delegacii-posolstva-respubliki-uganda,КФУ принял делегацию Посольства Республики Уганда,03.03.2026
https://media.kpfu.ru/news?kn%5B0%5D=Международное%20сотрудничество&created=/news/v-filiale-kfu-v-dzhizake-podveli-itogi-konkursa-pushkinskiy-patent,В филиале КФУ в Джизаке подвели итоги конкурса «Пушкинский патент»,02.03.2026
https://media.kpfu.ru/news?kn%5B0%5D=Международное%20сотрудничество&created=/news/povysit-nefteotdachu-odnogo-iz-mestorozhdeniy-vetnama-pomogut-razrabotki-kfu-v-oblasti-khimii,Повысить нефтеотдачу одного из месторождений Вьетнама помогут разработки КФУ в области химии,27.02.2026
https://media.kpfu.ru/news?kn%5B0%5D=Международное%20сотрудничество&created=/news/v-kfu-sostoyalsya-vizit-sovetnika-po-nauke-i-tekhnologiyam-posolstva-indii-v-rossii,В КФУ состоялся визит советника по науке и технологиям Посольства Индии в России,25.02.2026
https://media.kpfu.ru/news?kn%5B0%5D=Международное%20сотрудничество&created=/news/v-kfu-sostoyalsya-den-yazyka-khindi,В Казанском федеральном прошел День языка хинди,20.02.2026
https://media.kpfu.ru/news?kn%5B0%5D=Международное%20сотрудничество&created=/news/v-kfu-zavershilas-programma-povysheniya-kvalifikacii-dlya-prepodavateley-iz-uzbekistana,В КФУ завершилась программа повышения квалификации для преподавателей из Узбекистана,06.02.2026
https://media.kpfu.ru/news?kn%5B0%5D=Международное%20сотрудничество&created=/news/v-kfu-sostoyalos-torzhestvennoe-prazdnovanie-kitayskogo-novogo-goda,В КФУ состоялось празднование китайского Нового года,05.02.2026
https://media.kpfu.ru/news?kn%5B0%5D=Международное%20сотрудничество&created=/news/kazanskiy-universitet-posetila-delegaciya-neftegazovoy-kompanii-oq,Казанский университет посетила делегация нефтегазовой компании OQ,04.02.2026
https://media.kpfu.ru/news?kn%5B0%5D=Международное%20сотрудничество&created=/news/studenty-kfu-snova-v-omane-startovala-zimnyaya-stazhirovka-po-arabskomu-yazyku-i-omanskoy,Студенты КФУ снова в Омане: стартовала зимняя стажировка по арабскому языку и оманской культуре,04.02.2026
https://media.kpfu.ru/news?kn%5B0%5D=Международное%20сотрудничество&created=/news/prepodavateli-vuzov-uzbekistana-povyshayut-kvalifikaciyu-v-kazanskom-universitete,Преподаватели из Узбекистана повышают квалификацию в Казанском университете,02.02.2026
